"","x"
"1","2VLDELTLTK"
"2","2CAVVDVPFGGAK"
"3","4IVGGYTCAANSIPYQVSLNSGSHFCGGSLINSQWVVSAAHCYK"
"4","5IVGGYTCAANSIPYQVSLNSGSHFCGGSLINSQWVVSAAHCYKSR"
"5","3IITHPNFNGNTLDNDIMLIK"
"6","2VATVSLPR"
"7","2SCAAAGTECLISGWGNTK"
"8","2APVLSDSSCK"
"9","2VCNYVNWIQQTIAAN"
"10","2GILAADESTGSIAK"
"11","2VNPCIGGVILFHETLYQK"
"12","2VLAAVYK"
"13","3KVPQVSTPTLVEVSR"
"14","2VPQVSTPTLVEVSR"
"15","3TCVADESHAGCEK"
"16","2NECFLSHK"
"17","3ECCHGDLLECADDR"
"18","2YICDNQDTISSK"
"19","3RHPEYAVSVLLR"
"20","2EYEATLEECCAK"
"21","3DDPHACYSTVFDK"
"22","2EACFAVEGPK"
"23","2YYGYTGAFR"
"24","2FSSCGGGGGSFGAGGGFGSR"
"25","2SLNNQFASFIDK"
"26","2FLEQQNQVLQTK"
"27","3THNLEPYFESFINNLR"
"28","2TNAENEFVTIK"
"29","2SLDLDSIIAEVK"
"30","2AQYEDIAQK"
"31","2AEAESLYQSK"
"32","2QISNLQQSISDAEQR"
"33","2LNDLEDALQQAK"
"34","2LALDLEIATYR"
"35","2GGGGGGYGSGGSSYGSGGGSYGSGGGGGGGR"
"36","2TGSGDIENYNDATQVR"
"37","2LSGLLDLALGK"
"38","3LSGLLDLALGKDYVR"
"39","3IAEYmNHLIDIGVAGFR"
"40","2ALVFVDNHDNQR"
"41","3ALVFVDNHDNQR"
"42","2FFTGQITAAGK"
"43","2AVLHVALR"
"44","2GVLMVGPPGTGK"
"45","2FGIHPVAGR"
"46","2IHTDFEK"
"47","2MGHAGAIIAGGK"
"48","3MGHAGAIIAGGK"
"49","2mGHAGAIIAGGK"
"50","2GSSGGGCFGGSSGGYGGLGGFGGGSFR"
"51","2VTMQNLNDR"
"52","2ALEESNYELEGK"
"53","2SQYEQLAEQNRK"
"54","3SQYEQLAEQNRK"
"55","2DAEAWFNEK"
"56","2LENEIQTYR"
"57","2SLLEGEGSSGGGGR"
"58","2SGGGGGGGLGSGGSIR"
"59","2GGGGSFGYSYGGGSGGGFSASSLGGGFGGGSR"
"60","2VQALEEANNDLENK"
"61","2TLLDIDNTR"
"62","3DIENQYETQITQIEHEVSSSGQEVQSSAK"
"63","2EIETYHNLLEGGQEDFESSGAGK"
"64","3EIETYHNLLEGGQEDFESSGAGK"
"65","2VGIGPGSVCTTR"
"66","2ESTLHLVLR"
"67","2NGFLLDGFPR"
"68","2QITVNDLPVGR"
